['Where to Buy your Pfister Faucets & Parts, Local & Online Store ...', 'https://www.pfisterfaucets.com/where-to-buy', 'Find a local store or online retailer for Pfister faucets and parts.']
['Bathroom Faucets | Bathroom Sink Faucets | Kingston Brass', 'https://www.kingstonbrass.com/cat/bathroom-faucets/', "Shop Kingston Brass for the largest selection of Bathroom Faucets in 100's of ... Brass KB1601AL Heritage 4`` Centerset Lavatory Faucet with Retail Pop-Up,\xa0..."]
['Elements of Design EB1602AL 4-Inch Centerset Lavatory Faucet ...', 'https://www.eodfaucet.com/product/elements-of-design-eb1602al-4-inch-centerset-lavatory-faucet-with-retail-pop-up-polished-brass', 'The Heritage 4-Inch Centerset Bathroom Faucet with Retail Pop-Up and its featured sturdy brass construction and premium polished brass finish are guaranteed\xa0...']
['Faucets for bathroom, shower and kitchens | hansgrohe USA', 'https://www.hansgrohe-usa.com/', 'Faucets and showers for the quality-conscious: At hansgrohe, you will find premium products for bathrooms and kitchens in modern design that will make your\xa0...']
['Luxury Kitchen and Bathroom Faucets Made in Brooklyn ...', 'https://watermark-designs.com/', 'Brooklyn based manufacturer of luxury faucets, showers, and bath accessories designed by world renown architects and designers. We specialize in\xa0...']
['American Standard Bathroom and Kitchen Fixtures - Toilets, Faucets ...', 'https://www.americanstandard-us.com/', 'For over 140 years, American Standard has led the way in developing innovative bathroom and kitchen products including high performance toilets, stylish\xa0...']
['Kallista: Live Artfully', 'https://www.kallista.com/', 'KALLISTA offers luxury designer faucets and fixtures in a variety of traditional, transitional and modern styles to outfit any bathroom or kitchen.']
['KOHLER | Toilets, Showers, Sinks, Faucets and More for Bathroom ...', 'https://www.us.kohler.com/us/', 'Explore KOHLER toilets, faucets, sinks, showers and other kitchen and bathroom products. Find and buy ... a $20,500 bath makeover. KOHLER Signature Stores\xa0...']
['Peerless Faucet', 'https://www.peerlessfaucet.com/', "Finding the right product at the right price doesn't have to be complicated. Peerless faucet and bath products make it easy to get exactly what you need."]
['Stern Engineering Ltd. - Home', 'http://www.sternfaucets.com/', 'Touch Free Lavatory faucets ... Touch Faucets. Touch. Green Time. Perfect Time. Trendy Touch. Tubular Touch. Cool. Touch Free Wall Mounted Faucets.']
['Automatic & Sensor Bathroom Sink Faucets | Sloan', 'https://www.sloan.com/commercial-bathroom-products/faucets', 'Sloan touchless faucets enhance any commercial restroom sink. Battery, solar-powered or ... Locate a distributor or sales rep in your area. Find a dealer\xa0...']
['Scandvik Marine Faucets, the Best Marine Faucets Available, High ...', 'https://www.scandvik.com/', 'Scandvik offers Marine Faucets sorted by Faucet Families, and by Marine Faucets types. Scandvik sells the best Marine Faucets Available.']
['Stainless Steel Faucets - stainless steel kitchen faucet - black ...', 'https://mgstaps.com/en/', 'MGS stainless steel fixtures merge Italian luxury and style with the innovative precision of Swiss engineering, creating slim silhouettes and simple shapes that\xa0...']
['D-Code Handrinse basin #070650 | Duravit', 'https://www.duravit.us/products/all_series/d-code.us-en.html?product=94766', 'The key to a wonderfully comfortable bathroom: The products of D-Code by ... faucet hole on right side 1 faucet hole punched 07065000082. p ... Retailer contact.']
['D-Code Handrinse basin #070650 | Duravit', 'https://www.duravit.us/products/all_series/d-code.us-en.html?product=94766', 'The key to a wonderfully comfortable bathroom: The products of D-Code by ... faucet hole on right side 1 faucet hole punched 07065000082. p ... Retailer contact.']
['Snyder Diamond - Decorative Plumbing, Decorative Hardware ...', 'https://www.snyderdiamond.com/', 'Snyder Diamond is a family owned Decorative Plumbing, Decorative Hardware, Kitchen Appliances store located in Santa Monica, CA. We offer the best in\xa0...']
['Stainless Steel Sinks and Faucets for Kitchens and Baths', 'https://www.mrdirectint.com/', 'MR Direct is a leading supplier of kitchen sinks and faucets. We sell undermount sinks, stainless steel sinks, stainless kitchen sinks, topmount sinks, bathroom\xa0...']
['ROHL Home - bringing authentic luxury to the kitchen and bath.', 'https://www.rohlhome.com/', 'ROHL Collection, brings authentic luxury to the kitchen and bath. Every faucet, fixture, and accessory is designed by acclaimed architects and craftsman, and is\xa0...']
['Where to Buy GROHE Products | GROHE', 'https://www.grohe.us/en_us/our-service/where_to_buy/', 'The listed authorized online sellers carry the official GROHE Authorized Seller distinction. ... In the market for a new faucet or shower? Have questions about\xa0...']
['VIGO Industries | Showers, Sinks, Faucets for your Bathroom and ...', 'https://www.vigoindustries.com/', 'Vigo offers a variety of showers, sinks, vanities, bathroom and kitchen faucets. We at Vigo combine style and quality to deliver the best product for your needs.']
['Kitchen and Bathroom Plumbing Fixtures | Gerber Plumbing', 'https://www.gerberonline.com/', 'Since 1932, Gerber plumbing has been manufacturing professional bathroom, kitchen, and commercial plumbing fixtures. View all products and finishes online.']
['Krowne Metal Corporation: Underbar Sinks, Refrigeration, Faucets ...', 'https://krowne.com/', 'Krowne is a leading US manufacturer and supplier of stainless steel underbar equipment, backbar refrigeration, foodservice faucets, gas hoses, hand sinks,\xa0...']
['Symmons: Commercial & Residential Kitchen & Bath Products', 'https://www.symmons.com/', 'Since 1939, Symmons Industries has been a premier manufacturer of innovative commercial and residential kitchen and bath plumbing products.']
['Sigma Faucet', 'https://www.sigmafaucet.com/', '... luxury & bespoke custom faucets, shower systems & accessories in traditional, transitional, and contemporary styles for perfect pairing with any bath or kitchen.']
['Whitehaus Collection', 'http://whitehauscollection.com/', 'Whitehaus Collection provides you with high-end plumbing fixtures that are dynamic, elegant, long-lasting, and durable for transforming your kitchen, bath, and\xa0...']
['Symmons: Commercial & Residential Kitchen & Bath Products', 'https://www.symmons.com/', 'Since 1939, Symmons Industries has been a premier manufacturer of innovative commercial and residential kitchen and bath plumbing products.']
['hansgrohe AU: Taps & mixers for bathrooms, showers and kitchens', 'https://www.hansgrohe.com.au/', 'Showers such as hand showers and overhead showers, showerpipes and shower systems. Kitchen products such as kitchen taps, kitchen sinks and combi units\xa0...']
['Whitehaus Collection', 'http://whitehauscollection.com/', 'Whitehaus Collection provides you with high-end plumbing fixtures that are dynamic, elegant, long-lasting, and durable for transforming your kitchen, bath, and\xa0...']
['Products', 'https://www.dornbracht.com/en-us/products/', 'Kitchen .... Authorized Retailer (complete address or City, State). This site uses cookies and other tracking technologies to assist with navigation and your ability\xa0...']
['Danze: Home', 'https://www.danze.com/', 'Danze® by Gerber Expands Product Offering with Pull-Down Prep Faucets to Complement Decorative Kitchen Collections.']
['Speakman: Home', 'https://speakman.com/', 'Speakman Company produces high quality showering, emergency equipment, and plumbing products.']
['European Kitchen and Bathworks: Kitchen & Bathroom Plumbing ...', 'https://www.eurokbw.com/', 'European Kitchen and Bathworks is a family owned Kitchen and Bathroom Plumbing Supply and Remodeling store located in Atlanta, GA. ... Shop Faucets!']
['Home - TotoUSA.com', 'https://www.totousa.com/', 'Drake® 1G WASHLET®+ Toilet. The Drake toilet features the DYNAMAX TORNADO FLUSH® system. It combines powerful bowl cleaning and waste evacuation\xa0...']
['KALDEWEI', 'https://www.kaldewei.com/', 'Kaldewei offers bath, shower and whirlpool tub in the avantgarde versions, ambience and advantage.']
['Dealer Locator', 'https://www.franke.com/us/en/ks/support/where-to-buy/dealer-locator.html', '... Dealer Webshop · About us · Where to buy · Franke Americas · Search · 0 · 0 · Franke Logo. More results. Products. Sinks. Faucets. Filtration. Kitchen Solutions.']
['locate – kai fragrance', 'https://kaifragrance.com/pages/locate', "find a retailer we recommend contacting the store prior to shopping to make sure they carry the kai product you're looking for. Store Locator is loading from\xa0..."]
['online retailers – kai fragrance', 'https://kaifragrance.com/pages/online-retailers', 'to find an online retailer use the listing below. kai does not endorse any unauthorized retailer sales through amazon, ebay or costco nor do we guarantee the\xa0...']
['Store Locations', 'https://www.nestfragrances.com/store-locator', "4 days ago ... NEST Fragrances is a leading lifestyle fragrance brand offering a variety of exceptional personal care, home fragrance and fine fragrance collections specifically designed to enhance one's ... Find a NEST Fragrances Retailer."]
['Find a Retailer - Gendarme Fragrances', 'https://gendarme.com/company/find-a-retailer/', 'Find a Retailer · Authorized Websites · Customer Care · FAQs · Return & Exchange Policy · Home · Cart · Checkout · Company · About Us · Authorized Websites\xa0...']
['Retailers - My Daughter Fragrances - Eco-Luxe Scents', 'https://mydaughterfragrance.com/pages/retailers', "You can find our fragrances at the following retailers. If you'd like to become a retailer for My Daughter Fragrances, we'd love to hear from you."]
['Best 7 Wholesale Perfume Suppliers in US/UK/China', 'https://www.chinabrands.com/dropshipping/article-best-wholesale-perfume-suppliers-14594.html', 'Oct 22, 2018 ... •There are varying levels of standards and selling angles by imitation perfume online sellers. Many of them are not authorized retailers for the\xa0...']
['Trapp Candle : Retailer Signup', 'https://www.trappcandles.com/retailer_signup.aspx', 'Trapp Fragrances is dedicated to the independent retailer. more info + ... We appreciate your interest in becoming a Trapp retailer. Please complete this form\xa0...']
['Shopping campaigns with partners | Google for Retail', 'https://www.google.com/retail/solutions/shopping-campaigns-with-partners/', "For brands: Work with every one of your eligible retailer partners to fund ... a top retail partner to increase clickshare of promoted designer fragrances' click share\xa0..."]
["BECOME A RETAILER – B's Knees Fragrance Co", 'https://bsknees.com/wholesale-policies/', 'If you are interested in becoming a wholesaler please fill out the form and we will get right back to you! A valid tax ID number is required. Credit card and/or\xa0...']
["Trapp Fragrances - It's all about the fragrance", 'https://trappfragrances.com/', "At Trapp, it's all about the fragrance. That's why we guarantee every product will fill a room with fragrance within minutes. ... View More. Find a Trapp Retailer\xa0..."]
['Retail Locator: Aromatique: Decorative Fragrance, Candles ...', 'https://www.aromatique.com/Retail-Locator', 'Shop Aromatique, the Creator of Decorative Fragrance. Find a wide variety of fragrance lines including candles, diffusers & decorative ... Retail Locator\xa0...']
['Retail | Rezaroma - fragrance your business', 'https://rezaroma.com/retail', 'Retail. Brand awareness the minute customers walk in. Scientific studies have ... a pleasant fragrance environment complements the shopping experience.']
['BECOME A RETAILER – Blind Barber', 'https://blindbarber.com/pages/become-a-retailer', 'BECOME A RETAILER. Blind Barber 339 East 10th St New York, NY 10009 212-228-2123 · info@blindbarber.com. Name. Email. Company. Message. Sign up\xa0...']
['Store Locator | La Tee Da Fragrance', 'https://ltdfragrance.com/where-to-purchase/', 'Use the Store Locator to find a retailer near you. Just enter your zip code or your address in the address line, select radius to search, and press enter. If you are\xa0...']
['Become a Xyrena Retailer | Xyrena', 'https://xyrena.com/become-a-retailer/', "Don't think fragrance is a fit for your business? Think again. Xyrena's unisex products aren't the boring offerings you'd expect to find in department stores."]
["Loews Hotels' Bright Sunshine - Aroma Retail", 'https://aromaretail.com/shop/fragrances/resort-fragrances/loews-hotels-bright-sunshine/', 'When looking for Fragrance Diffusion Systems that are durable and long-lasting, consider Aroma Retail for all of your home fragrancing needs and desires.']
['PHLUR | Good. Clean. Fun.', 'https://phlur.com/', "Discover PHLUR's hypoallergenic, vegan and cruelty-free clean fragrances, crafted by world-class perfumers using only the best ingredients. Try them at home,\xa0..."]
['Earth Science Naturals Store Locator Earth Science Beauty', 'http://earthsciencenaturals.com/locations.html', 'Earth Science products are available at various specialty retail stores, natural food markets and wherever eco-friendly beauty products are sold (including a wide\xa0...']
['Where to buy an air purifier? | Find a store located near you | Blueair', 'https://www.blueair.com/us/store-locator/', 'Locate where to buy Blueair air purifiers and filters. Shop online or in store, choosing from our wide network of retail partners dedicated to cleaner healthier air.']
['K&N Dealer search', 'https://www.knfilters.com/dealersearch', 'Factory direct K&N replacement air filters, air intakes, oil filters & cabin filters. KNFilters.com - the official site for performance filtration products.']
['Find A Retailer - US | Honeywell Home', 'https://www.honeywellhome.com/en/find-a-retailer-us', 'Find a Retailer - USA. Honeywell Home products are available at the following retailers. The Home Depot Logo · Best Buy · ACE Hardware · Menards · Do It Best\xa0...']
['Where to Buy Blueair Air Purifiers | Blueair', 'https://www2.blueair.com/no-en/store-locator', 'Locate where to buy a Blueair air purifier. Shop online or in store, choosing from our wide network of retail partners dedicated to cleaner healthier air.']
['Home Air Purifiers, Air Cleaners | Honeywell Home', 'https://www.honeywellhome.com/en/products/air-purifier', 'Keep your family healthy with Honeywell air purifiers and air cleaners. Units work in both home and work settings.']
['Retail - Dynamic Air Quality Solutions / Commercial', 'https://www.dynamicaqs.com/commercial/index.php?option=com_content&view=article&id=70&Itemid=187', 'Of the almost 5 million commercial buildings in the U.S., retail buildings ... With Dynamic Air Cleaners, outside air requirements can be cut in half…or even to a\xa0...']
['Lennox Air Filters | Air Filter Replacement | Lennox Residential', 'https://www.lennox.com/owners/parts-and-filters/filters', "If you have any questions about the size you need, you can refer to the owner's manual for your furnace or air handler, or contact your local Lennox Dealer."]
['Where to Buy Coway Airmega and Coway Aquamega | Cowaymega', 'https://www.cowaymega.com/where-to-buy/', 'You can buy Coway Airmega and Coway Aquamega products through our online shop with free shipping and qualified financing or through our partners.']
['Air Cleaner Certification Information for Manufacturers | California ...', 'https://ww2.arb.ca.gov/our-work/programs/air-cleaners-ozone-products/air-cleaner-certification-information-manufacturers', 'All air cleaning devices sold in the California, including over the internet, must ... air cleaners in California are required to notify all of their distributors, retailers,\xa0...']
['Online Retailers – Rabbit Air', 'https://www.rabbitair.com/pages/online-retailers', 'Sign up to receive exclusive offers and product updates. Email. Subscribe. Products. MinusA2 Air Purifier · BioGS 2.0 Air Purifier · Replacement Filters &\xa0...']
['Where can I buy Molekule air purifiers? – Molekule | Help Center', 'https://help.molekule.com/hc/en-us/articles/115004040588-Where-can-I-buy-Molekule-air-purifiers-', 'Molekule air purifiers are currently sold through our website and these select retailers: B8ta, Sprout, and MoMA Design Store NYC. Stay...']
['Find A Dealer | aFe POWER', 'https://afepower.com/find-a-dealer', 'Find A Dealer. ... Find A Dealer. Authorized Internet Retailers · Authorized Store Locations. Get the Latest News, Product Info and Deals! Sign Up For Our\xa0...']
['Purchase Permatron Air Filters Online', 'https://www.permatron.com/residential/purchase-permatron-air-filters-online', 'Purchase Permatron air filters from online retail partners. Permatron air filters can be purchased by homeowners and shipped directly to your home.']
['FRAM Air Filters', 'https://www.fram.com/products/consumer-products/air-filters/', 'Learn about each of our air filter product lines - EXTRA GUARD®, TOUGH GUARD®, and FRESH BREEZE® - to keep your engine running smooth and cabin\xa0...']
['Find a Local Oreck Vacuum Store & Repair Center Near Me | Oreck', 'https://www.oreck.com/stores/', 'Cordless · Uprights · Handhelds and Canisters · Specialty Floor Cleaners · Product Bundles · Purifiers & Humidifiers · Accessories · Vacuum Bags · Special\xa0...']
['Wynd | Portable & Smart Air Purifiers | Home Air Quality Monitors', 'https://shop.hellowynd.com/', 'Our portable air purifiers & home air purifiers with Dual HEPA filters help in removing allergens, dust, dander, smoke & pollution from the air. Order today!']
['Webproducts: Home', 'https://www.webproducts.com/', 'WEB Products Inc., manufactures a full line of furnace filters, air conditioning filters, air ... If you prefer to purchase at a retailer please call our Customer Service\xa0...']
['Where to Buy - WIX Filters', 'http://www.wixfilters.com/wheretobuy.aspx', 'Where to buy WIX Products. To find a WIX retailer near you, please input a five digit U.S. zip code or a six digit Canadian Postal Code into the box below. Enter a\xa0...']
['Rainbow® Cleaning System', 'http://rainbowsystem.com/', 'The Rainbow® Cleaning System provides certified air cleaning to your home ... not make the mistake of purchasing your Rainbow from an unauthorized retailer.']
['S&B Filters - Performance Air Filters & Intakes', 'https://www.sbfilters.com/', 'S&B Filters is a manufacturer of performance filters, cold air intakes, UTV Particle Separators, & intake elbows. Breathe easy. Your engine and warranty are\xa0...']
['Air Filtration System | Home Air Purifier | Room Air Cleaner ...', 'https://www.healthway.com/where-to-buy/', 'By providing valuable information about indoor air quality and our filtration technology, our dealers offer a great deal of added value. To speak to a dealer near\xa0...']
['Air Purifier Models', 'http://m.sharpusa.com/ForHome/HomeEnvironment/AirPurifier/Models.aspx', 'Sharp HEPA Air Purifier with Plasmacluster® Ion Technology for Extra Large Rooms (FP-A80UW). FP-A80UW. Suggested Retail: $449.99. Your Price: $334.99.']
['SAMPLE NOTIFICATION LETTER FOR MANUFACTURERS [DATE ...', 'https://www.arb.ca.gov/research/indoor/aircleaners/sample_notification_letter.pdf', '[DATE]. TO: Distributors, Retailers and Sellers of Our Air Cleaners. RE: REGULATION FOR INDOOR AIR CLEANERS SOLD TO BUYERS IN THE. STATE OF\xa0...']
['Alen Air Purifiers and Filters | Helping You Live Better With Pure Air', 'https://www.alencorp.com/', 'Alen air purifiers and air filters remove dust, mold, pet dander, bacteria and smoke odors from your home. Rated #1 in customer reviews. Lifetime Warranty.']
['Air Purifiers | Holmes Products', 'https://www.holmesproducts.com/air-purifiers/', 'Explore a variety of air purifiers from Holmes Products & find how you can improve the air quality for your home & family. Shop Holmes Products today!.']
['Air Purifiers | Dyson', 'https://www.dyson.com/air-treatment/purifiers.html', 'Dyson air purifiers automatically purify the air to remove 99.97% of allergens, pollutants and gases. Heating and personal cooling, with air purification.']
['Air Purifiers — Levoit', 'https://www.levoit.com/airpurifiers', 'A deep breath is typically a good thing. But more often than not, it hides lots of dust, pollen, pet dander, mold spores, or dust mite waste, triggering all kinds of\xa0...']
['Tex-Air Filters – Air Filter Manufacturing, Sales & Service', 'https://www.texairfilters.com/', 'Tex-Air Filters was started in 1976 to manufacture special size filters for residences and businesses in the Dallas/Fort Worth Metroplex. Since then the company\xa0...']
['American Standard® | Air Conditioning and Heating | HVAC Systems', 'https://www.americanstandardair.com/', 'Contact a local American Standard dealer near you today. ... American Standard AccuClean™ Whole-Home Air Filtration systems can remove up to 99.98% of\xa0...']
['Extra-large room Air Purifier | Philips', 'https://www.usa.philips.com/c-m-ho/air-purifier-and-air-humidifier/air-purifier-5000', 'The Philips 5000i Series air purifier has double the purification, not the size. Our extra-large room air purifier ... Buy from Retailers. The Philips 5000i Series air\xa0...']
['Retailers – AHAM Verifide', 'https://ahamverifide.org/retailers-2/', 'Carrying Air Cleaners with the AHAM Seal is Good for Business ... AHAM also provides retailers with CADR support materials, including brochures and signage,\xa0...']
['Air Purifiers & Filters | Whirlpool', 'https://www.whirlpool.com/home-solutions/air-purifiers-and-filters.html', "Breathe easier with Whirlpool air filtration and purifying systems. We'll help you find the right filters for your appliance so you can enjoy fresh air."]
['Air Filter - Best Air Filters for Cars & More', 'https://www.autozone.com/ignition-tune-up-and-routine-maintenance/air-filter', 'Keep your engine protected with a new engine air filter from AutoZone. We have great deals on filters that are custom built for your vehicle from dependable\xa0...']
['Where To Buy - Purolator', 'http://www.pureoil.com/en/contactus30/where-to-buy/', 'Purolator filters can be found at traditional and online retailers nationwide. If you have additional questions about where you can locate Purolator products, call\xa0...']
['AllerAir | Manufacturer of Home & Office Air Purifiers', 'https://www.allerair.com/', 'The most efficient activated carbon filters and HEPA filters available. Improve indoor air quality with industry leading air purifiers from AllerAir. ... Most air purifiers sold in retail stores do not have the filtration needed to adequately clean the air\xa0...']
['Hyland Filter Service | Air Filter Service', 'http://hylandfilterservice.com/', 'Hyland Filter Service Provides The Highest Quality Air Filters And Maintenance Service Across The U.S. In Healthcare, Retail, Commercial, And Industrial\xa0...']
['Molekule Air Purifier | MoMA Design Store', 'https://store.moma.org/for-the-home/home/home-electronics/molekule-air-purifier/516-126389.html', 'Molekule uses nanotechnology to break down and eliminate pollutants on a molecular level.']
['Home | SANUVOX', 'https://sanuvox.com/', 'For over 21 years, Sanuvox mission has been to improve indoor air quality in ... Sanuvox Technologies Inc. is a global leader in ultraviolet air purification ... HVAC dealers have the opportunity to become Sanuvox Factory Authorized Dealers.']
['Where to Buy Furnace Filters: 29 Places To Choose From', 'https://www.goodairgeeks.com/where-to-buy-furnace-filters/', "At airfiltersdelivered.com, you can be sure to find the exact filter you're looking for. They have all kinds of sizes, models and\xa0..."]
['HVAC Contractors | Air Conditioner Repair | Tempstar', 'https://www.tempstar.com/en/us/find-a-dealer/', 'Tempstar® dealers will work with you to find the heating and cooling solution that best matches your home, your budget and your comfort needs. Search for a\xa0...']
['REME HALO® Whole Home In-Duct Air Purifier | RGF', 'https://www.rgf.com/products/air/reme-halo/', 'The award winning REME HALO® whole home in-duct air purifier is the next generation of indoor air quality (IAQ) technology and capable of purifying every\xa0...']
['Home Page for Carrier air conditioning, heating, refrigeration and ...', 'https://www.carrier.com/residential/en/us/', 'Carrier air-conditioning and refrigeration solutions improves the world around us through ... See your local Carrier dealer for complete details. ... From pumps to purifiers and condensers to controls, we offer all the products you need to keep\xa0...']
['Factory Direct Filters: Furnace Air Filters In Any Size', 'https://www.factorydirectfilters.com/', 'Factory direct HVAC Furnace Air Filters for home and business. Shop standard, custom and hard to find sizes. FREE shipping.']
['Where to Buy Friedrich Air Conditioners', 'https://www.friedrich.com/professional/find-distributor-rep', 'Find dealers, distributors, and service technicians who can sell, install and service your Friedrich Air Conditioners.']
['Winix Air Purifiers - Healthy Home Appliances - Improve Your Indoor ...', 'https://winixamerica.com/', 'Improve your air quality with Winix Air Purifiers. Our air cleaners remove 99.97% of particles with True HEPA Filtration and PlasmaWave Technology.']
['Filtrete™ Smart Air Filters + Filtrete™ Smart App - FAQ', 'https://www.filtrete.com/3M/en_US/filtrete/about-us/smart-faq/', 'Frequently asked questions about Filtrete™ Smart Air Filters and the Filtrete™ ... Smart will show online retailer options to repurchase your current filter type and\xa0...']
['FP-A80UW Extra-Large Room Air Purifier - HEPA Purifier', 'http://www.sharpusa.com/forhome/homeenvironment/airpurifier/models/fpa80uw.aspx', 'The FP-A80UW is the perfect air purifier for extra-large rooms. This HEPA air purifier features Plasmacluster ion technology and so many ... FIND RETAILER.']
['Quantum Vacuum | Advanced Water Filtration Vacuum with Micro ...', 'https://quantumvac.com/', 'The Quantum Vacuum filters dirt & debris through its unique water filter, so only clean, purified air flows out! Just empty the water for a fresh, good-as-new filter\xa0...']
['Green Filter - High Performance Air Filters', 'https://greenfilter.com/', "Green Filter outperforms the competition, discover why we've secretly been the favorite air filter to some of the world's biggest racing brands and enthusiasts."]
['Where to Buy Electrolux Appliances | Electrolux Store Locator', 'https://www.electroluxappliances.com/Where-To-Buy/', 'Find out where to buy Electrolux home and kitchen appliances with our international store locator. Bring home the best appliances with ease today!']
['Filter & Parts  Donaldson Engine & Vehicle', 'https://www.donaldson.com/en-us/engine/filters/', "We invented the first engine air filter 100 years ago. Today we're still ... We're selective about who qualifies to represent Donaldson as distributor or dealer."]
['Volant Performance Cold Air Intakes - Trucks, SUVs and Cars.', 'https://volant.com/', 'Volant Performance sells the best Cold Air Intakes and Filters for Ford F150, Ford Raptor, Chevrolet Silverado,, GMC Sierras, Toyota Tundras, Jeep, SUV and\xa0...']
['Purolator Air Filters | Purolator Filters', 'https://www.purolatorairfilters.com/', 'Purolator Air Filters manufactures a full range of filters to help solve commercial, industrial, and residential air quality problems.']
['SaniDry XP™ Basement Dehumidifier & Air Filtration System', 'https://www.basementsystems.com/basement-dehumidifier/sanidry-xp-dehumidifier.html', 'Creates dry, clean air; Reduces risk of mold growth; Never needs to be emptied; 10x ... including the SaniDry XP, are available only from an authorized dealer.']
['Find Your Distributor', 'https://www.aprilairepartners.com/technical-information/find-your-distributor', 'Find a Distributor in your area with our locator or call 1-800-334-6011 for assistance.']
['Priority Wire & Cable', 'http://www.prioritywire.com/', 'Priority Wire & Cable is a modern manufacturer with the majority of our sales being ... helped us become the fastest growing wire and cable supplier in the industry. ... The reels will have paralleled aluminum XHHW or THHN in any combination\xa0...']
['China scrap aluminum wire,copper wire scrap from Xingtai Retailer ...', 'https://aidu.manufacturer.globalsources.com/si/6008853763244/pdtl/Aluminum-scrap/1169111535/scrap-aluminum-wire-copper-wire-scrap.htm', 'scrap aluminum wire,copper wire scrap scrap aluminum wires-#7207 • Min. Order: 25 Tons (US) • FOB Price: US$ 1000 - US$ 1500 • supplied by Xingtai Aidu\xa0...']
['China scrap Aluminum wire from Xingtai Retailer: Xingtai Aidu ...', 'https://aidu.manufacturer.globalsources.com/si/6008853763244/pdtl/Aluminum-ingot/1167715366/scrap-Aluminum-wire.htm', 'Aluminum Ingot scrap copper wire scrap Aluminum wire. Pure Aluminum Ingot99.9% Chemical Composition: al. Weight: 20/25kg. Al (Min): 99%-99.9%']
['Aluminum Wires in Vadodara, एल्युमिनियम की तार, वडोदरा ...', 'https://dir.indiamart.com/vadodara/aluminum-wires.html', 'Business listings of Aluminum Wires, Aluminium Metalizing Wire manufacturers, suppliers and exporters in Vadodara, एल्युमिनियम की तार विक्रेता,\xa0...']
['Feeney, Inc.', 'https://www.feeneyinc.com/', 'Feeney makes it easy with our stainless steel and aluminum architectural and garden products, offering superior customer support ... Find an Authorized Dealer.']
['Aluminium Wire - online catalogue source - supplier of research ...', 'http://www.goodfellow.com/E/Aluminium-Wire.html', 'Supplier of Metals, Alloys, Ceramics, Polymers, Compounds, Intermetallics & Composites for ... Aluminium Wire - Standard Products Click here to display prices\xa0...']
['Cerrowire: Home', 'https://www.cerrowire.com/', 'We manufacture and distribute quality copper and aluminum wire and cable products, including building wire, portable cord, and specialty wires. Innovative\xa0...']
['Electrical Wire & Cable Distributors | Houston Wire & Cable Co.', 'https://www.houwire.com/', 'Founded in 1975, Houston Wire and Cable (HWC) is a master distributor of industrial wire and cable, supplying electrical distributors throughout the United\xa0...']
['Aluminum Wire', 'https://www.thomasnet.com/products/aluminum-wire-94320405-1.html', 'Manufacturer and distributor of standard and custom aluminum and aluminized cables and wire. Collection system medium duty cables and thermocouple\xa0...']
['TWP, Inc.: Wire Mesh for Home, Industrial & Decorative Use', 'https://www.twpinc.com/', 'TWP, Inc. is an industry leading wire mesh product and laser cutting services provider. We offer wire mesh screens, wire cloth, woven wire mesh, and wire mesh\xa0...']
['Burndy | Electrical Connectors', 'https://www.hubbell.com/burndy/en/', 'Burndy manufactures connectors for splicing, tapping, terminating, conducting or grounding, and provides certification and testing of tool and connector\xa0...']
['Essex Magnet Wire | Global Leader for Innovative Magnet Wire ...', 'https://essexwire.com/', 'Global Leader in Magnet Wire/Winding Wire Manufacturing for Electric Vehicles, Automotive, & Industrial Applications, for major OEM & Tier 1 suppliers. ... We offer a broad range of copper and aluminum magnet wire products to meet the\xa0...']
['Darby Wire Mesh', 'https://www.darbywiremesh.com/', 'Darby maintains an extensive inventory of wire mesh, including aluminum, brass, ... Edward J. Darby & Son, Inc. – a leading supplier of woven and welded wire\xa0...']
['Buy Aluminum Wire online, Aluminum Wire Wholesale - Pandahall ...', 'https://www.pandahall.com/aluminum-wire/396-1.html', 'Pandahall Beads supplier provides high quality Aluminum Wire with cheap price. You can buy Aluminum Wire in bulk or retail, the Aluminum Wire has good cost\xa0...']
['Building Wire - Wire and Cable - Grainger Industrial Supply', 'https://www.grainger.com/category/electrical/wire-cable/building-wire-cable', "When it comes to Building Wire & Cable products, Grainger's got your back. Easy online ordering and next-day delivery available with 24/7 expert product\xa0..."]
['Westbury Aluminum Railing Systems from Wolf | Wolf Home Products', 'https://www.wolfhomeproducts.com/westburyrailing', 'Westbury Aluminum Railing is made to be innovative, strong and distinctive. ... VertiCable: Offers contemporary vertical cables and balusters ... Find A Dealer.']
['Armature Wire – Jack Richeson & Co.', 'https://products.richesonart.com/products/armature-wire', 'Armature wire creates the structure that keeps a sculpture together and provides a framework upon which to work. This economical aluminum wire is lightweight,\xa0...']
['Aluminum Fence - Railing - Gates - Welcome to Ultra Aluminum™', 'http://www.ultrafence.com/', '20% More Aluminum. Ultrarail™ – 20% more aluminum in all our rails, with a full 8 ribs inside. Maintains Ultra-Strength even when punched for pickets.']
['Cope Cable Tray U.S', 'http://www.copecabletray.com/', 'Cope is the original brand of cable tray. In 1948, Thomas Jefferson Cope developed the first modular cable tray system and introduced it to the electrical industry\xa0...']
['Automotive Wire & Cable - General Cable®', 'https://www.generalcable.com/na/us-can/products-solutions/specialty/automotive-products', 'General Cable is the answer for Original Equipment Manufacturers (OEMs), Tier I and II suppliers, Automotive Aftermarket Retailers, and OEM distribution\xa0...']
['Crawford Electric Supply | Official Website', 'https://www.crawfordelectricsupply.com/', 'Crawford is dedicated to doing whatever it takes to serve and satisfy the commercial, industrial, and residential markets with electrical supplies and experts.']
['Friedman Electric | Official Website', 'https://www.friedmanelectric.com/', 'For over 80 years, Friedman Electric has been providing expert supply and service capabilities. For any electrical need, our job is to make your job easier.']
['Republic Wire: Copper Distribution', 'https://www.republicwire.com/', 'Aluminum and Copper Wire Manufacturing for electrical wholesale distributor, utility distributors, RUS, investor-owned utilities and municipalities.']
['Vertical Balers for cardboard, plastic, aluminum commercial retail', 'https://ptrco.com/vertical_balers_standard_models_ptr/', '... and services vertical Hydraulic balers for commercial, industrial and retail use. ... the baling of cardboard, plastic P.E.T. bottles, aluminum cans and siding. ... Automatic Ejection System; Wire Tie Guides; Choice of Colors – See Color Chart.']
['China Bonsai Wire, Bonsai Wire Manufacturers, Suppliers, Price ...', 'https://www.made-in-china.com/products-search/hot-china-products/Bonsai_Wire.html', '684 products ... Material: Aluminum Wire; Cross Sectional Shape: Round; Application: Construction Wire Mesh, Protecting Mesh, Fence Mesh, Decorative Mesh,\xa0...']
['Find a Store | Forney Industries', 'https://www.forneyind.com/support/find-a-store', 'Looking for a Forney distributor near you? Use this tool to enter your zip code to see the closest store near you selling Forney products.']
['Hardware Cloth - Welded Wire Mesh, Mesh Screen & More at Ace ...', 'https://www.acehardware.com/departments/hardware/window-and-screen-hardware/screen-cloth', '178 items ... W x 25 ft. L Charcoal Aluminum Insect Screening. $29.99 ... Phifer Wire 36 in. W x 7 ft. L Aluminum Screen Cloth. $12.99 ... Compare. Phifer Wire 28 in.']
['Key-Link Fencing & Railing - Quality Aluminum Fencing & Railing', 'https://keylinkonline.com/', 'Turn your dream outdoor living space into a reality with the Key-Link Fencing & Railing full line of Aluminum Railing, Fencing, ... and all of our products, including our popular vertical and horizontal cable rail infill. ... LOCATE A DEALER.']
['Nova Display Systems, Inc | Cable/Rod & Rail Innovative Display ...', 'https://www.novadisplay.com/', 'Founded in 2000, Nova Display Systems has built a strong reputation for being a supplier of quality visual display solutions and signage. Over the years we\xa0...']
['Encore Wire Corporation', 'https://www.encorewire.com/', 'At Encore Wire, we offer one-stop sourcing for all your residential, commercial and industrial wire needs. Backed by a select family of loyal distributors, we are\xa0...']
['Techflex.com | Braided Sleeving Products', 'https://www.techflex.com/', 'Techflex engineers & manufactures a wide range of braided sleeving products for wire, hose, and cable bundling & protection. Techflex products are a mainstay\xa0...']
['Albright Steel: Home', 'https://albrightsteel.com/square_tubing_rebar_angle_wire_aluminum/', 'Albright Steel & Wire: Browse our Products for Steel & Wire Supplies. construction group2. Albright Steel and Wire has been providing products and services to\xa0...']
['Bekaert Fencing | Bekaert Fencing', 'https://fencing.bekaert.com/', "From humble beginnings in 1880 manufacturing barbed wire to today's ... woven wire, Bekaert has grown to be the agricultural industry's premier fencing supplier. ... 40 year Limited Guarantee on our advanced zinc-aluminum Bezinal coatings."]
['Products | Southwire.com', 'https://www.southwire.com/categories', "Southwire is one of the world's leading manufacturers of Wire and Cable, Tools, Components and ... Bare Aluminum Overhead Transmission & Distribution."]
['Red Brand Fence: Agricultural Wire Fencing, Materials and Tools', 'https://www.redbrand.com/', 'Since 1889, Red Brand has been an American tradition among farms, ranches and livestock. Our quality fencing is great for keeping your animals safe. Learn\xa0...']
['Marco Specialty Steel: Metal Wire Cloth & Bar Grating - Perforated ...', 'https://www.marcospecialtysteel.com/', 'We stock thousands of products in various grades. Products we fabricate include wire cloth, bar grating & expanded & perforated metal. Request a quote today!']
['Dealer Locator | Hunting Coolers, Camping Cooler | Grizzly Coolers', 'https://www.grizzlycoolers.com/find-a-dealer', 'Use our dealer locator to find Authorized Grizzly Cooler Dealers near you.']
['Frequently Asked Questions (FAQs) - RTIC Coolers', 'https://www.rticcoolers.com/faq', 'We are a direct to consumer internet retailer - meaning we only sell our coolers online.']
['Dealer Locator - Canyon Coolers', 'https://canyoncoolers.com/pages/dealer-locator', 'Loading store locator...']
['Pelican Cooler Dealer Locator - PelicanCoolers.com', 'https://www.pelicancoolers.com/pages/dealer-locator', 'Locate your nearest Pelican Cooler Dealer. Remember to always buy from an authorized Pelican Distributor.']
['Become an Authorized Bison Dealer | Ice Chest Coolers | Coolers ...', 'https://www.bisoncoolers.com/pages/dealer-locator', "Interested in selling our Bison ice chests coolers and high-end outdoor gear? We're always looking for new dealers to to join the herd and carry our products."]
['RETAILER SUPPORT - Igloo Coolers', 'https://www.igloocoolers.com/pages/retailer-support', 'Contact our retailer service team for assistance with all sales inquires (retail/wholesale orders, quotes/pricing and other service questions or concerns).']
['Where to Buy - ICEMULE Coolers', 'https://icemulecoolers.com/pages/where-to-buy', 'We made buying an ICEMULE® as easy as carrying one. You can find our high-performance soft coolers at hundreds of the best retailers across the country.']
['Dealer Locations — Siberian Coolers', 'https://siberiancoolers.com/dealer-locations', 'An Alpha moves forward when others retreat. When Performance and Durability Matter, Turn To Siberian ALPHA Series Coolers. Proven Beyond. SHOP ALL\xa0...']
['CPU coolers retail', 'https://noctua.at/en/products/cpu-cooler-retail', "Having received more than 6000 awards and recommendations from leading hardware websites and magazines, Noctua's heatsinks are serving hundreds of\xa0..."]
['K2 Coolers - Real Cold Real Value', 'https://www.k2-coolers.com/', 'Find a K2 Dealer near you. Search our directory to locate our ... “Here at Honey Brake we use our K2 Coolers religiously. Being lighter than comparable coolers\xa0...']
['Dealers - Cruzin Cooler', 'https://www.cruzincooler.com/services/dealers/', 'Corporate Headquarters. Breebb, Inc. 800-359-5199 https://www.cruzincooler.com. Online Dealers: coolerscooterdirect.com · cruzincoolersofcolorado.com']
['Coolers | Wheeled Coolers - RovR', 'https://rovrproducts.com/', 'RovR Coolers rotomolded wheeled cooler keeps ice to 10 days. Innovative award winning wheeled cooler. Most feature packed cooler on the market.']
['Find Walk-in Coolers & Freezers Dealer | U.S. Cooler', 'https://www.uscooler.com/blog/find-a-dealer/', 'Find an authorized U.S. Cooler discount dealer, and buy walk-in coolers & freezers online today! Authorize your business to sell walk-in coolers & freezers.']
['Store Locator - Polar Bear Coolers', 'https://www.polarbearcoolers.com/store-locator.html', 'Official site of Polar Bear Coolers, makers of performance soft sided coolers and backpack coolers. Most well insulated soft cooler ever made. FDA Food Grade\xa0...']
["THE COOLEST COOLER - FINALLY, A COOLER THAT'S ...", 'https://coolest.com/', "The Coolest Cooler is the only all-in-one outdoor entertainment solution you'll need for tailgating, camping, boating, picnics, beach parties, barbecues, and\xa0..."]
['Where to Buy | Phoenix Manufacturing Inc.', 'https://phoenixmanufacturing.com/where-to-buy/', 'Evaporative Air Cooling Products and Service ... Use the map below to locate local retailers and installers in your area that can help you purchase our products\xa0...']
['Dealer Locator – KYSEK', 'https://kysek.com/pages/dealer-locator', 'Dealer Locator. © Extreme Cold, LLC KYSEK Ice Chest patent pending 753 Airline Dr Ste B, Kenner, LA 70062 · Our Story · Become a Dealer · Pro Staff · Dealer\xa0...']
['USA made hard Coolers & Soft Cooler | Pelican', 'https://www.pelican.com/us/en/products/coolers', 'Dealer Login · Guarantee of Excellence · Technical Bulletins · California Supply Chain Act · Online Store Returns · Online Store FAQ. Discover Survival Stories']
['DEALER INQUIRY – ORCA', 'https://orcacoolers.com/pages/dealer-inquiry', 'Please complete the fields below. You will receive a personalized response from our Sales Team within 2-3 business days. Online Form - DEALER INQUIRY\xa0...']
['Where To Buy - Cooler Master', 'http://coolermaster.com/service/whereToBuy.html', 'Shop all your Cooler Master favorites in our Official Online Stores. US & CA · EU · APAC. Select your location to view local Cooler Master Partners.']
['Dealer-Media | Mammoth Coolers', 'https://mammothcooler.com/dealer-media/', 'Model, Size, Color, Photo Links. MS12ROV, 12 oz. Tumbler, 12 oz. Tumbler. MS20ROV, 20 oz. Tumbler, 20 oz. Tumbler. MS22ROV, 22 oz. Tumbler, 22 oz.']
['YETI - Dealers - Home', 'https://dealers.yeti.com/', "We're highly committed to the success of our dealers and are excited that you are interested in joining our authorized dealer network. Click here to apply."]
['KULA Coolers – BOTE', 'https://www.boteboard.com/collections/coolers', "KULA Coolers. Yeah, it's round and well, why shouldn't it be? We figured since all your ... The KULA Cooler ... Find A Dealer. Your Bote could be closer than you\xa0..."]
["MAGNA COOL — The World's First Magnetic Cooler — Retailers", 'http://www.magnacool.com/retailers', 'Soft Coolers · Magnetic Toolbags · Accessories & Parts · Videos · Retailers. Company. Information · Reviews ... Retailers: People who love us. Amazon.com\xa0...']
['Zero Zone, Inc. | The Responsive Company', 'https://www.zero-zone.com/', 'Jul 23, 2019 ... Zero Zone is a leading manufacturer of refrigerated display cases (freezers & coolers) and refrigeration systems for food retail, commercial, and\xa0...']
['Monsoon Tropical Island Vodka Cooler Promotions', 'http://monsooncooler.com/?page_id=8', "Check out the fun, summer promotions from Monsoon Tropical Island Vodka Coolers. ... area where you work or live and we'll let you know the nearest retailer."]
['Bryant: Air Conditioners, Furnaces, Heating & Cooling', 'https://www.bryant.com/en/us/', 'Bryant Heating & Cooling offers heating and air conditioning systems to meet your needs. Learn more about our products and find a dealer near you.']
['Leer Inc.: Indoor and Outdoor Ice Vending Merchandisers', 'https://www.leerinc.com/', "Leer is the world's leading manufacturer of ice merchandisers, walk-in coolers, refrigerated transports, and other custom cooling applications."]
['Commercial Merchandisers and Beverage Coolers | Kegerator.com', 'https://www.kegerator.com/commercial-merchandisers/', 'Display drinks while keeping them cold and accessible with a commercial beverage refrigerator and merchandiser.']
['Air2O: Two Stage Evaporative Cooler | Ultra-Efficient Cooling Systems', 'https://www.air2o.com/', "Oct 25, 2019 ... The world's most efficient and sustainable two stage evaporative cooler systems. Contact Air2O to learn how our HVAC solutions can save up\xa0..."]
['Cordova Outdoors: Home', 'https://cordovaoutdoors.com/', '2 - Increased storage capacity. 3 - Airtight seal system. 4 - Patented lid lock system. 5 - aluminum handles w/ bottle opener. More Features. Sale! Hard Coolers\xa0...']
['Coolers', 'https://www.cokesolutions.com/equipment/coolers', '*Coca-Cola Coolers began ENERGY STAR certification in September 2009, have ... and contain EMS devices on all coolers larger than 7 cubic feet beginning in late 2008. ... What are you most interested in? All. Vending. Foodservice. Retail\xa0...']
['Portacool | Portable Evaporative Air Coolers | When Comfort Counts', 'https://www.portacool.com/en/us/home', 'Browse and compare Portacool evaporative air coolers for indoor and outdoor spaces, large or small. Learn how to maximize the efficiency, safety and\xa0...']
['Find A Dealer - UltraCool Oil Cooling Systems', 'https://www.ultracoolfl.com/find-a-dealer/', 'UltraCool Oil Cooling Systems ... Use search tool below to find a dealer near you. Dealers can purchase directly from Ultracool or from our world-wide distributor.']
['Evaporative Coolers, Portable Air Coolers | Honeywell Home', 'https://www.honeywellhome.com/en/products/air-cooler', 'Air coolers are an efficient substitute for air conditioners. Save up to 75% on energy expenses with a portable Honeywell evaporative cooler.']
['Commercial Refrigerators | Commercial Freezers | True', 'https://www.truemfg.com/', 'TRUE RETAIL ... USA Foodservice · True Retail · Residential · International · Service Company Locator · Technical Support · Warranty Support · Media Center\xa0...']
['Dealer Locator', 'https://vibekayaks.com/apps/store-locator', 'Shopping local saves you freight cost, helps you avoid shipping damage hassels and makes your kayak purchasing decision a breeze. Our dealers not only\xa0...']
['ORCA 26 qt. Ice Retention Hard Cooler at Tractor Supply Co.', 'https://www.tractorsupply.com/tsc/product/orca-tan-26-qt-ice-retention-cooler', 'Find ORCA 26 qt. Ice Retention Hard Cooler in the Chest Coolers category at Tractor Supply Co.Be sure to bring along this Orca Ice Retention Coo.']
['Find a retailer', 'https://www.pelicansport.com/us_en/storelocator/', "We recommend calling before going to the store in order to confirm the availability of Pelican's specific models. Store list2624 Stores. Sportchek. Unit # 0340\xa0..."]
['Whirlpool - Water Coolers Home Page', 'http://www.whirlpoolwatercoolers.com/', 'Premium Whirlpool Water Coolers. ... Time Saving. Self Cleaning. Automatically remove bacteria from your water cooler. Read More\xa0...']
['Where To Buy - ARCTIC', 'https://www.arctic.ac/eu_en/where-to-buy/', 'Advanced cooling solutions for PC, including CPU cooler, VGA cooler and case fans. ARCTIC offers a wide range of products to fit all needs.']
['Goodman: Air Conditioning and Heating Systems| HVAC', 'https://www.goodmanmfg.com/', 'Complete warranty details available from your local dealer or by clicking on the ... Where in North America are Goodman® brand heating and cooling products\xa0...']
['Where To Buy | Hindware Appliances', 'https://www.hindwareappliances.com/where-to-buy/', 'Finding a Hindware Kitchen Galleria store is easy: our dealer locator provides the most up to date information on outlets close to you. Reach out to our 50 plus\xa0...']
['American Standard® | Air Conditioning and Heating | HVAC Systems', 'https://www.americanstandardair.com/', 'Experience the comfort of an American Standard heating and cooling system. Contact a local American Standard dealer near you today.']
['Find A Retailer - Danby', 'https://www.danby.com/en-us/find-a-retailer/', 'Enter your ZIP Code or Postal Code to find a Danby products retailer near you. Call our customer service line if you need assistance.']
['nICE Coolers – The best coolers.', 'http://www.nicetumblers.com/', 'product-coolers. COOLERS. product-p2p. PUMP2POUR. product-drinkware .... Sold At These Retailers. http://www.nicetumblers.com/wp-content/uploads/.']
['Where to Buy | Elkay', 'https://www.elkay.com/where-to-buy', 'Learn more about Elkay products and find locations to purchase.']
['HDTV Antenna Retailer Locator - Antennas Direct', 'https://www.antennasdirect.com/retailer-locator.html', "Antennas Direct is the home of the world's most comprehensive and powerful line of TV and HDTV antennas. Locate dealers of Antennas Direct antennas and\xa0..."]
['TV Antennas and Supplies - Solid Signal', 'https://www.solidsignal.com/c.asp?c=3839&d=TV-Antennas-and-Supplies', 'Our selection of TV antennas and supplies is for anyone who wants the best viewing experience. Whether you are a professional installer or a do-it-yourselfer,\xa0...']
['Antennas Direct | TV Antennas Reinvented', 'https://www.antennasdirect.com/', "Our line of TV antennas are the world's most comprehensive and powerful antennas you can find. Our specialists will help you choose the best TV antenna for\xa0..."]
['Mohu: Home of the #1 rated Indoor HDTV Antenna', 'https://www.gomohu.com/', 'Home of the #1 rated original paper-thin Leaf and Leaf Ultimate Indoor Antennas which are designed to receive TV for FREE in full uncompressed 1080 HD.']
['Winegard Digital TV Antennas, HDTV Antennas', 'http://www.winegard.com/offair/?q=offair', 'Winegard Digital TV Antennas, HDTV Antennas, Outdoor TV Antennas, TV Antenna Amplifiers, Indoor TV Antennas, UHF Antennas and DTV Antennas. ... Wiring Guides · Support Wiki · Support by Product · Find a Home HDTV Antenna Dealer.']
['KING | Satellite Antennas, Dishes & Systems for RVing, Camping ...', 'https://kingconnect.com/', 'Discover the best portable satellite antenna for camping your way. Learn More · Tailgating. Redefine the tailgating experience with a portable satellite antenna and TV ... Finding a convenient KING dealer or retailer is easy because they are\xa0...']
['TV Antennas at Office Depot OfficeMax', 'https://www.officedepot.com/a/browse/tv-antennas/N=5+536534/', "Don't let bad equipment ruin your television signal. At Office Depot OfficeMax, you can find great deals on top-notch TV antennas & more. Shop today."]
['About Us | Channel Master', 'https://www.channelmaster.com/AboutUs.asp', 'As the TV antenna trend spreads across the United States, Channel Master .... Resellers Retailers, distributors, and dealers, download the product catalog for a\xa0...']
['Orby TV - $40 a Month High Quality Prepaid Satellite TV', 'https://orbytv.com/', 'Quality Satellite Television. ... Orby TV Packages ... How does Orby TV save you money? ... An outdoor antenna is also included to receive local channels.']
['Get DISH Satellite TV For Your RV | DISH', 'https://www.dish.com/outdoor-tv/satellite-tv-for-rv/', 'Bring TV on the road with DISH portable satellite television for RVs. ... Choose a DISH Portable Satellite Antenna + Wally HD Receiver Bundle. Choose from the\xa0...']
['Satellite TV - KVH', 'https://www.kvh.com/maritime-solutions/leisure-marine/leisure-boats-and-yachts/satellite-tv', 'KVH TracVision TV-series offers advanced marine satellite TV systems with innovative ... 81 cm antenna for worldwide coverage on vessels traveling offshore for\xa0...']
